ISIN,NAME,Country,Region
AT000000STR1,STRABAG SE,AT,EUR
AT00000VIE62,FLUGHAFEN WIEN,AT,EUR
AT0000606306,RAIFFEISEN BANK INTL.,AT,EUR
AT0000652011,ERSTE GROUP BANK,AT,EUR
AT0000720008,TELEKOM AUSTRIA,AT,EUR
AT0000730007,ANDRITZ,AT,EUR
AT0000743059,OMV,AT,EUR
AT0000746409,VERBUND,AT,EUR
AT0000831706,WIENERBERGER,AT,EUR
AT0000908504,VIENNA INSURANCE GROUP A,AT,EUR
AT0000937503,VOESTALPINE,AT,EUR
AT0000938204,MAYR-MELNHOF KARTON,AT,EUR
AT0000A21KS2,CPI EUROPE AGE,AT,EUR
AU000000JHX1,JAMES HARDIE INDUSTRIES CDI,IE,EUR
BE0003470755,SOLVAY,BE,EUR
BE0003565737,KBC GROUP,BE,EUR
BE0003593044,COFINIMMO,BE,EUR
BE0003717312,SOFINA,BE,EUR
BE0003735496,ORANGE BELGIUM,BE,EUR
BE0003739530,UCB,BE,EUR
BE0003755692,AGFA-GEVAERT,BE,EUR
BE0003797140,GBL NEW,BE,EUR
BE0003810273,PROXIMUS,BE,EUR
BE0003822393,ELIA GROUP,BE,EUR
BE0974256852,COLRUYT GROUP,BE,EUR
BE0974258874,BEKAERT (D),BE,EUR
BE0974264930,AGEAS (EX-FORTIS),BE,EUR
BE0974271034,VIOHALCO,BE,EUR
BE0974293251,ANHEUSER-BUSCH INBEV,BE,EUR
BE0974320526,UMICORE,BE,EUR
BE0974338700,TITAN,BE,EUR
BMG850801025,STOLT-NIELSEN,GB,EUR
CH0000816824,OC OERLIKON CORPORATION,CH,EUR
CH0008038389,SWISS PRIME SITE,CH,EUR
CH0008742519,SWISSCOM 'R',CH,EUR
CH0010570759,CHOCOLADEFABRIKEN LINDT & SPRUENGLI,CH,EUR
CH0010645932,GIVAUDAN 'N',CH,EUR
CH0011075394,ZURICH INSURANCE GROUP,CH,EUR
CH0011432447,BASILEA PHARMACEUTICA 'R',CH,EUR
CH0012005267,NOVARTIS 'R',CH,EUR
CH0012032048,ROCHE HOLDING,CH,EUR
CH0012138530,CREDIT SUISSE GROUP DEAD - DELIST.14/06/23,CH,EUR
CH0012138605,ADECCO GROUP,CH,EUR
CH0012142631,CLARIANT,CH,EUR
CH0012214059,HOLCIM,CH,EUR
CH0012221716,ABB LTD N,CH,EUR
CH0012255151,THE SWATCH GROUP,CH,EUR
CH0012268360,KUDELSKI 'B',CH,EUR
CH0012410517,BALOISE HOLDING DEAD - DELIST.08/12/25,CH,EUR
CH0012549785,SONOVA N,CH,EUR
CH0013841017,LONZA GROUP,CH,EUR
CH0014786500,VALIANT 'R',CH,EUR
CH0014852781,SWISS LIFE HOLDING,CH,EUR
CH0018294154,PSP SWISS PROPERTY AG,CH,EUR
CH0022268228,EFG INTERNATIONAL N,CH,EUR
CH0024608827,PARTNERS GROUP HOLDING,CH,EUR
CH0024638212,SCHINDLER 'R',CH,EUR
CH0025238863,KUEHNE UND NAGEL INTERNATIONAL,CH,EUR
CH0025751329,LOGITECH 'R',CH,EUR
CH0030170408,GEBERIT 'R',CH,EUR
CH0038388911,SULZER 'R',CH,EUR
CH0038863350,NESTLE 'N',CH,EUR
CH0044328745,CHUBB,CH,EUR
CH0048265513,TRANSOCEAN,CH,EUR
CH0102484968,JULIUS BAER GRUPPE,CH,EUR
CH0114405324,GARMIN,CH,EUR
CH0126881561,SWISS RE,CH,EUR
CH0198251305,COCA-COLA HBC,CH,EUR
CH0210483332,RICHEMONT N,CH,EUR
CH0244767585,UBS GROUP,CH,EUR
CH0319416936,FLUGHAFEN ZURICH,CH,EUR
CH0418792922,SIKA,CH,EUR
CH1169151003,GEORG FISCHER,CH,EUR
CH1175448666,STRAUMANN HLDG.,CH,EUR
CH1216478797,DSM FIRMENICH,CH,EUR
CH1256740924,SGS 'N',CH,EUR
DE0005089031,UNITED INTERNET,DE,EUR
DE0005140008,DEUTSCHE BANK,DE,EUR
DE0005190003,BMW,DE,EUR
DE0005200000,BEIERSDORF,DE,EUR
DE0005408884,LEONI DEAD - DELIST.21/08/23,DE,EUR
DE0005439004,CONTINENTAL,DE,EUR
DE0005470405,LANXESS,DE,EUR
DE0005552004,DEUTSCHE POST,DE,EUR
DE0005557508,DEUTSCHE TELEKOM,DE,EUR
DE0005773303,FRAPORT,DE,EUR
DE0005785604,FRESENIUS,DE,EUR
DE0005785802,FRESENIUS MED.CARE,DE,EUR
DE0005810055,DEUTSCHE BOERSE,DE,EUR
DE0005909006,BILFINGER BERGER,DE,EUR
DE0006047004,HEIDELBERG MATERIALS,DE,EUR
DE0006048432,HENKEL PREFERENCE,DE,EUR
DE0006070006,HOCHTIEF,DE,EUR
DE0006202005,SALZGITTER,DE,EUR
DE0006231004,INFINEON TECHNOLOGIES,DE,EUR
DE0006569908,MLP,DE,EUR
DE0006599905,MERCK KGAA,DE,EUR
DE0006602006,GEA GROUP,DE,EUR
DE0006969603,PUMA,DE,EUR
DE0007030009,RHEINMETALL,DE,EUR
DE0007037129,RWE,DE,EUR
DE0007042301,RHOEN-KLINIKUM,DE,EUR
DE0007100000,MERCEDES-BENZ GROUP N,DE,EUR
DE0007164600,SAP,DE,EUR
DE0007236101,SIEMENS,DE,EUR
DE0007257503,CECONOMY,DE,EUR
DE0007297004,SUEDZUCKER,DE,EUR
DE0007314007,HEIDELB.DRUCKMASCHINEN,DE,EUR
DE0007500001,THYSSENKRUPP,DE,EUR
DE0007507501,WASHTEC,DE,EUR
DE0007664039,VOLKSWAGEN PREF.,DE,EUR
DE0008232125,DEUTSCHE LUFTHANSA,DE,EUR
DE0008402215,HANNOVER RUECK,DE,EUR
DE0008404005,ALLIANZ,DE,EUR
DE0008430026,MUNCH. RVRS.GESELL. MUNCH.N,DE,EUR
DE000A0D6554,NORDEX,DE,EUR
DE000A0D9PT0,MTU AERO ENGINES HLDG.,DE,EUR
DE000A0S8488,HAMB.HAFEN UD.LOGISTIK,DE,EUR
DE000A0WMPJ6,AIXTRON,DE,EUR
DE000A1EWWW0,ADIDAS,DE,EUR
DE000A2GS401,SOFTWARE N DEAD - DELIST.26/08/24,DE,EUR
DE000BASF111,BASF,DE,EUR
DE000BAY0017,BAYER,DE,EUR
DE000CBK1001,COMMERZBANK,DE,EUR
DE000CLS1001,MCKESSON EUROPE DEAD - DELIST.15/06/23,DE,EUR
DE000ENAG999,E ON N,DE,EUR
DE000KSAG888,K S N,DE,EUR
DE000PSM7770,PROSIEBENSAT 1 MEDIA,DE,EUR
DE000TUAG505,TUI N,DE,EUR
DK0010181759,CARLSBERG B,DK,EUR
DK0010234467,FLSMIDTH AND B,DK,EUR
DK0010244508,A P MOLLER MAERSK B,DK,EUR
DK0010272632,GN STORE NORD,DK,EUR
DK0010274414,DANSKE BANK,DK,EUR
DK0010287663,NKT,DK,EUR
DK0010307958,JYSKE BANK,DK,EUR
DK0010311471,AL SYDBANK,DK,EUR
DK0060079531,DSV,DK,EUR
DK0060336014,NOVOZYMES B,DK,EUR
DK0060448595,COLOPLAST B,DK,EUR
DK0060477503,TOPDANMARK DEAD - DELIST.21/10/24,DK,EUR
DK0060636678,TRYG,DK,EUR
DK0060738599,DEMANT,DK,EUR
DK0061539921,VESTAS WINDSYSTEMS,DK,EUR
DK0061804697,H LUNDBECK A,DK,EUR
ES0109427734,ATRESMEDIA CORPN.DE MEDIOS DE CMNI.,ES,EUR
ES0112501012,EBRO FOODS,ES,EUR
ES0113211835,BBV.ARGENTARIA,ES,EUR
ES0113679I37,BANKINTER 'R',ES,EUR
ES0113860A34,BANCO DE SABADELL,ES,EUR
ES0113900J37,BANCO SANTANDER,ES,EUR
ES0116870314,NATURGY ENERGY GROUP,ES,EUR
ES0117160111,CORPORACION FINCA.ALBA DEAD - DELIST.08/05/25,ES,EUR
ES0118594417,INDRA SISTEMAS,ES,EUR
ES0122060314,FOMENTO CONSTR.Y CNTR.,ES,EUR
ES0124244E34,MAPFRE,ES,EUR
ES0125220311,ACCIONA,ES,EUR
ES0130670112,ENDESA,ES,EUR
ES0130960018,ENAGAS,ES,EUR
ES0132105018,ACERINOX 'R',ES,EUR
ES0134950F36,FAES FARMA,ES,EUR
ES0142090317,OBRASCON HUARTE LAIN,ES,EUR
ES0144580Y14,IBERDROLA,ES,EUR
ES0148396007,INDUSTRIA DE DISENO TEXTIL,ES,EUR
ES0152503035,MEDIASET ESPANA COMUNICACION,ES,EUR
ES0161560018,MINOR HOTELS EUROPE & AMERICAS,ES,EUR
ES0167050915,ACS ACTIV.CONSTR.Y SERV.,ES,EUR
ES0171743901,PROMOTORA DE INFORMACIONES,ES,EUR
ES0171996087,GRIFOLS ORD CL A,ES,EUR
ES0173093024,REDEIA CORPORACION,ES,EUR
ES0173516115,REPSOL YPF,ES,EUR
ES0178430E18,TELEFONICA,ES,EUR
ES0182870214,SACYR,ES,EUR
ES0184933812,ZARDOYA OTIS DEAD - DELIST.09/05/22,ES,EUR
FI0009000202,KESKO B,FI,EUR
FI0009000277,TIETOEVRY,FI,EUR
FI0009000459,HUHTAMAKI,FI,EUR
FI0009000681,NOKIA,FI,EUR
FI0009002158,UPONOR DEAD - DELIST.30/04/24,FI,EUR
FI0009002422,OUTOKUMPU 'A',FI,EUR
FI0009003727,WARTSILA,FI,EUR
FI0009005318,NOKIAN RENKAAT,FI,EUR
FI0009005870,KONECRANES,FI,EUR
FI0009005961,STORA ENSO R,FI,EUR
FI0009005987,UPM-KYMMENE,FI,EUR
FI0009007132,FORTUM,FI,EUR
FI0009007694,SANOMA,FI,EUR
FI0009007884,ELISA,FI,EUR
FI0009013296,NESTE,FI,EUR
FI0009013403,KONE B,FI,EUR
FI0009800643,YIT,FI,EUR
FI4000297767,NORDEA BANK,FI,EUR
FI4000440664,NELES DEAD - DELIST.01/04/22,FI,EUR
FR0000035081,ICADE REIT,FR,EUR
FR0000039109,SECHE ENVIRONNEMENT,FR,EUR
FR0000044448,NEXANS,FR,EUR
FR0000045072,CREDIT AGRICOLE,FR,EUR
FR0000051070,MAUREL ET PROM,FR,EUR
FR0000052292,HERMES INTL.,FR,EUR
FR0000053225,M6-METROPOLE TV,FR,EUR
FR0000054470,UBISOFT ENTERTAINMENT CAT A,FR,EUR
FR0000054900,TF1 (TV.FSE.1),FR,EUR
FR0000064578,COVIVIO,FR,EUR
FR0000073272,SAFRAN,FR,EUR
FR0000077919,JCDECAUX,FR,EUR
FR0000120073,L AIR LQE.SC.ANYME. POUR L ETUDE ET L EPXTN.,FR,EUR
FR0000120172,CARREFOUR,FR,EUR
FR0000120222,CNP ASSURANCES DEAD - DELIST.20/06/22,FR,EUR
FR0000120271,TOTALENERGIES,FR,EUR
FR0000120321,L'OREAL,FR,EUR
FR0000120404,ACCOR,FR,EUR
FR0000120503,BOUYGUES,FR,EUR
FR0000120560,QUADIENT,FR,EUR
FR0000120578,SANOFI,FR,EUR
FR0000120628,AXA,FR,EUR
FR0000120644,DANONE,FR,EUR
FR0000120693,PERNOD-RICARD,FR,EUR
FR0000120859,IMERYS,FR,EUR
FR0000120966,BIC,FR,EUR
FR0000121014,LVMH,FR,EUR
FR0000121121,EURAZEO,FR,EUR
FR0000121204,WENDEL,FR,EUR
FR0000121220,SODEXO,FR,EUR
FR0000121329,THALES,FR,EUR
FR0000121485,KERING,FR,EUR
FR0000121667,ESSILORLUXOTTICA,FR,EUR
FR0000121964,KLEPIERRE REIT,FR,EUR
FR0000121972,SCHNEIDER ELECTRIC,FR,EUR
FR0000124141,VEOLIA ENVIRON,FR,EUR
FR0000125007,SAINT GOBAIN,FR,EUR
FR0000125338,CAPGEMINI,FR,EUR
FR0000125486,VINCI,FR,EUR
FR0000127771,VIVENDI,FR,EUR
FR0000130213,LAGARDERE GROUPE,FR,EUR
FR0000130395,REMY COINTREAU,FR,EUR
FR0000130403,CHRISTIAN DIOR,FR,EUR
FR0000130452,EIFFAGE,FR,EUR
FR0000130577,PUBLICIS GROUPE,FR,EUR
FR0000130809,SOCIETE GENERALE,FR,EUR
FR0000131104,BNP PARIBAS,FR,EUR
FR0000131757,ERAMET,FR,EUR
FR0000131906,RENAULT,FR,EUR
FR0000133308,ORANGE,FR,EUR
FR0010040865,GECINA,FR,EUR
FR0010220475,ALSTOM,FR,EUR
FR0010221234,EUTELSAT COMMUNICATIONS,FR,EUR
FR0010242511,EDF DEAD - DELIST.08/06/23,FR,EUR
FR0010307819,LEGRAND,FR,EUR
FR0010313833,ARKEMA,FR,EUR
FR0010340141,ADP,FR,EUR
FR0010411983,SCOR SE,FR,EUR
FR0010533075,GETLINK,FR,EUR
FR0013176526,VALEO,FR,EUR
FR0013280286,BIOMERIEUX,FR,EUR
FR0013326246,UNIBAIL RODAMCO WE STAPLED UNITS,FR,EUR
FR0013505062,VANTIVA,FR,EUR
FR0013506730,VALLOUREC,FR,EUR
FR0014003TT8,DASSAULT SYSTEMES,FR,EUR
FR001400AJ45,MICHELIN,FR,EUR
GB0000163088,SPEEDY HIRE,GB,EUR
GB0000365774,AEP PLANTATIONS,GB,EUR
GB0000456144,ANTOFAGASTA,GB,EUR
GB0000536739,ASHTEAD GROUP,GB,EUR
GB0000600931,BRAEMAR,GB,EUR
GB0000811801,BARRATT REDROW,GB,EUR
GB0000904986,BELLWAY,GB,EUR
GB0000961622,BALFOUR BEATTY,GB,EUR
GB0001048619,TED BAKER DEAD - DELIST.24/10/22,GB,EUR
GB0001110096,BOOT (HENRY),GB,EUR
GB0001367019,BRITISH LAND,GB,EUR
GB0001500809,TULLOW OIL,GB,EUR
GB0001570810,XAAR,GB,EUR
GB0001638955,WETHERSPOON (JD),GB,EUR
GB0001667087,CAMELLIA,GB,EUR
GB0001765816,BREWIN DOLPHIN DEAD - DELIST.28/09/22,GB,EUR
GB0001795680,CASTINGS,GB,EUR
GB0001826634,DIPLOMA,GB,EUR
GB0001859296,VISTRY GROUP,GB,EUR
GB0002015021,TCLARKE DEAD - DELIST.26/06/24,GB,EUR
GB0002018363,CLARKSON,GB,EUR
GB0002074580,GENUS,GB,EUR
GB0002148343,RATHBONES GROUP,GB,EUR
GB0002318888,CRANSWICK,GB,EUR
GB0002349065,REA HOLDINGS,GB,EUR
GB0002374006,DIAGEO,GB,EUR
GB0002418548,ELEMENTIS,GB,EUR
GB0002634946,BAE SYSTEMS,GB,EUR
GB0002652740,DERWENT LONDON,GB,EUR
GB0002670437,DEVRO DEAD - DELIST.14/04/23,GB,EUR
GB0002869419,BIG YELLOW GROUP,GB,EUR
GB0002875804,BRITISH AMERICAN TOBACCO,GB,EUR
GB0003062816,TOWN CENTRE SECURITIES,GB,EUR
GB0003096442,RS GROUP,GB,EUR
GB0003308607,SPECTRIS DEAD - DELIST.05/12/25,GB,EUR
GB0003395000,FISHER(JAMES)& SONS,GB,EUR
GB0003452173,FIRST GROUP,GB,EUR
GB0003718474,GAMES WORKSHOP,GB,EUR
GB0003753778,GO-AHEAD GROUP DEAD - DELIST.11/10/22,GB,EUR
GB0004052071,HALMA,GB,EUR
GB0004082847,STANDARD CHARTERED,GB,EUR
GB0004161021,HAYS,GB,EUR
GB0004170089,HEADLAM GROUP,GB,EUR
GB0004270301,HILL AND SMITH,GB,EUR
GB0004478896,HUNTING,GB,EUR
GB0004544929,IMPERIAL BRANDS,GB,EUR
GB0004657408,MITIE GROUP,GB,EUR
GB0004726096,SPIRENT COMMUNICATIONS DEAD - DELIST.17/10/25,GB,EUR
GB0004866223,KELLER,GB,EUR
GB0004915632,KIER GROUP,GB,EUR
GB0005405286,HSBC HOLDINGS,GB,EUR
GB0005522007,MCKAY SECURITIES DEAD - DELIST.09/05/22,GB,EUR
GB0005576813,HOWDEN JOINERY GP.,GB,EUR
GB0005603997,LEGAL & GENERAL,GB,EUR
GB0005630420,MEARS GROUP,GB,EUR
GB0005746358,MCBRIDE,GB,EUR
GB0005758098,MEGGITT DEAD - DELIST.14/09/22,GB,EUR
GB0005790059,MENZIES (JOHN) DEAD - DELIST.05/08/22,GB,EUR
GB0006027295,MORGAN ADVANCED MRA.,GB,EUR
GB0006215205,MOBICO GROUP,GB,EUR
GB0006449366,ECORA ROYALTIES,GB,EUR
GB0006640972,4IMPRINT GROUP,GB,EUR
GB0006650450,OXFORD INSTRUMENTS,GB,EUR
GB0006731235,ASSOCIATED BRIT.FOODS,GB,EUR
GB0006776081,PEARSON,GB,EUR
GB0006825383,PERSIMMON,GB,EUR
GB0006886666,EUROMONEY INSTL.INVESTOR DEAD - DELIST.25/11/22,GB,EUR
GB0006928617,UNITE GROUP,GB,EUR
GB0006963689,PORVAIR,GB,EUR
GB0007099541,PRUDENTIAL,GB,EUR
GB0007188757,RIO TINTO,GB,EUR
GB0007323586,RENISHAW,GB,EUR
GB0007370074,RICARDO DEAD - DELIST.13/10/25,GB,EUR
GB0007388407,LIONTRUST ASSET MAN.,GB,EUR
GB0007594764,RPS GROUP DEAD - DELIST.24/01/23,GB,EUR
GB0007668071,CLOSE BROTHERS GROUP,GB,EUR
GB0007669376,ST.JAMES'S PLACE ORD,GB,EUR
GB0007689002,KIN AND CARTA DEAD - DELIST.29/04/24,GB,EUR
GB0007908733,SSE,GB,EUR
GB0007958233,SENIOR,GB,EUR
GB0007973794,SERCO GROUP,GB,EUR
GB0007980591,BP,GB,EUR
GB0008025412,SIG,GB,EUR
GB0008085614,MORGAN SINDALL GROUP,GB,EUR
GB0008220112,SMITH (DS) DEAD - DELIST.04/02/25,GB,EUR
GB0008475088,ROBERT WALTERS,GB,EUR
GB0008481250,ME GROUP INTERNATIONAL,GB,EUR
GB0008706128,LLOYDS BANKING GROUP,GB,EUR
GB0008711763,TT ELECTRONICS,GB,EUR
GB0008782301,TAYLOR WIMPEY,GB,EUR
GB0008794710,TELECOM PLUS,GB,EUR
GB0009067447,MOTHERCARE,GB,EUR
GB0009123323,ULTRA ELECTRONICS DEAD - DELIST.02/08/22,GB,EUR
GB0009223206,SMITH & NEPHEW,GB,EUR
GB0009286963,VP,GB,EUR
GB0009292243,VICTREX,GB,EUR
GB0009296665,VIDENDUM,GB,EUR
GB0009465807,WEIR GROUP,GB,EUR
GB0009633180,DECHRA PHARMACEUTICALS DEAD - DELIST.17/01/24,GB,EUR
GB0009692319,WILMINGTON,GB,EUR
GB0009697037,BABCOCK INTERNATIONAL,GB,EUR
GB0009895292,ASTRAZENECA,GB,EUR
GB0030181522,TRIBAL GROUP,GB,EUR
GB0030232317,PAGEGROUP,GB,EUR
GB0030329360,WINCANTON DEAD - DELIST.30/04/24,GB,EUR
GB0030913577,BT GROUP,GB,EUR
GB0031274896,MARKS & SPENCER GROUP,GB,EUR
GB0031348658,BARCLAYS,GB,EUR
GB0031638363,INTERTEK GROUP,GB,EUR
GB0031743007,BURBERRY GROUP,GB,EUR
GB0032089863,NEXT,GB,EUR
GB0033147751,BLOOMSBURY PBL.,GB,EUR
GB0033195214,KINGFISHER,GB,EUR
GB0033986497,ITV,GB,EUR
GB0034291418,CENTAUR MEDIA,GB,EUR
GB00B00FPT80,CHESNARA,GB,EUR
GB00B012BV22,MARSHALLS,GB,EUR
GB00B012TP20,HALFORDS GROUP,GB,EUR
GB00B019KW72,SAINSBURY J,GB,EUR
GB00B01CZ652,HORNBY DEAD - DELIST.10/04/25,GB,EUR
GB00B01QGK86,NCC GROUP,GB,EUR
GB00B02J6398,ADMIRAL GROUP,GB,EUR
GB00B033F229,CENTRICA,GB,EUR
GB00B03HDJ73,ESKEN LIMITED DEAD - DELIST.02/04/24,GB,EUR
GB00B04V1276,GRAINGER,GB,EUR
GB00B06QFB75,IG GROUP HOLDINGS,GB,EUR
GB00B0744359,ESSENTRA,GB,EUR
GB00B0744B38,BUNZL,GB,EUR
GB00B082RF11,RENTOKIL INITIAL,GB,EUR
GB00B0FYMT95,HELICAL REIT,GB,EUR
GB00B0KM9T71,STHREE,GB,EUR
GB00B0LCW083,HIKMA PHARMACEUTICALS,GB,EUR
GB00B0N8QD54,BRITVIC DEAD - DELIST.20/01/25,GB,EUR
GB00B0SWJX34,LONDON STOCK EXCHANGE GROUP,GB,EUR
GB00B0WMWD03,QINETIQ GROUP,GB,EUR
GB00B0YG1K06,RESTAURANT GROUP DEAD - DELIST.22/12/23,GB,EUR
GB00B128J450,IP GROUP,GB,EUR
GB00B132NW22,ASHMORE GROUP,GB,EUR
GB00B135BJ46,SAVILLS,GB,EUR
GB00B17MMZ46,LOOKERS DEAD - DELIST.09/10/23,GB,EUR
GB00B18P5K83,TOPPS TILES,GB,EUR
GB00B19Z1432,PZ CUSSONS,GB,EUR
GB00B1FH8J72,SEVERN TRENT,GB,EUR
GB00B1FP6H53,MITCHELLS & BUTLERS,GB,EUR
GB00B1FW5029,HOCHSCHILD MINING,GB,EUR
GB00B1G5HX72,LSL PROPERTY SERVICES,GB,EUR
GB00B1JQDM80,MARSTON'S,GB,EUR
GB00B1KJJ408,WHITBREAD,GB,EUR
GB00B1L5QH97,RANK GROUP,GB,EUR
GB00B1P6ZR11,BROWN GROUP DEAD - DELIST.13/02/25,GB,EUR
GB00B1VNSX38,DRAX GROUP,GB,EUR
GB00B1WY2338,SMITHS GROUP,GB,EUR
GB00B1XH2C03,FERREXPO,CH,EUR
GB00B1YW4409,3I GROUP,GB,EUR
GB00B27YGJ97,SEVERFIELD,GB,EUR
GB00B2B0DG97,RELX,GB,EUR
GB00B2NGPM57,PARAGON BANKING GROUP,GB,EUR
GB00B2PDGW16,WH SMITH,GB,EUR
GB00B39J2M42,UNITED UTILITIES GROUP,GB,EUR
GB00B3CX3644,STV GROUP,GB,EUR
GB00B3DGH821,DE LA RUE ORD DEAD - DELIST.03/07/25,GB,EUR
GB00B3FLWH99,BODYCOTE,GB,EUR
GB00B41H7391,ZIGUP,GB,EUR
GB00B45C9X44,CHEMRING GROUP,GB,EUR
GB00B572ZV91,PHAROS ENERGY,GB,EUR
GB00B5N0P849,WOOD GROUP (JOHN),GB,EUR
GB00B5ZN1N88,SEGRO,GB,EUR
GB00B61TVQ02,INCHCAPE,GB,EUR
GB00B63H8491,ROLLS-ROYCE HOLDINGS,GB,EUR
GB00B63QSB39,GREGGS,GB,EUR
GB00B64NSP76,COSTAIN GROUP,GB,EUR
GB00B67G5X01,WORKSPACE GROUP,GB,EUR
GB00B6XZKY75,BARR (AG),GB,EUR
GB00B6YTLS95,STAGECOACH GROUP DEAD - DELIST.28/06/22,GB,EUR
GB00B71N6K86,EVRAZ SUSP - SUSP.06/12/23,GB,EUR
GB00B7KR2P84,EASYJET,GB,EUR
GB00B82YXW83,VESUVIUS,GB,EUR
GB00B8B4R053,STUDIO RETAIL GROUP DEAD - DELIST.25/02/22,GB,EUR
GB00B8C3BL03,THE SAGE GROUP,GB,EUR
GB00BD6K4575,COMPASS GROUP,GB,EUR
GB00BD736828,AIR PARTNER DEAD - DEAD 04/04/22,GB,EUR
GB00BDCPN049,COCA COLA EUROPACIFIC PARTNERS,GB,EUR
GB00BDFBVT43,OXFORD BIOMEDICA,GB,EUR
GB00BDR05C01,NATIONAL GRID,GB,EUR
GB00BF044593,CLS HOLDINGS,GB,EUR
GB00BF5H9P87,GREAT PORTLAND ESTATES,GB,EUR
GB00BF8Q6K64,ABERDEEN GROUP,GB,EUR
GB00BG11K365,REDROW DEAD - DELIST.23/08/24,GB,EUR
GB00BGDT3G23,RIGHTMOVE,GB,EUR
GB00BGLP8L22,IMI,GB,EUR
GB00BH4HKS39,VODAFONE GROUP,GB,EUR
GB00BHJYC057,ICTL.HTLS.GP.,GB,EUR
GB00BJ1F4N75,MICRO FOCUS INTL. DEAD - DELIST.01/02/23,GB,EUR
GB00BJFFLV09,CRODA INTERNATIONAL,GB,EUR
GB00BJQZC279,DAILY MAIL 'A' DEAD - DELIST.10/01/22,GB,EUR
GB00BJT0FF39,RM,GB,EUR
GB00BK9RKT01,TRAVIS PERKINS,GB,EUR
GB00BKP36R26,HYVE GROUP DEAD - DELIST.23/05/23,GB,EUR
GB00BKY40Q38,GALLIFORD TRY,GB,EUR
GB00BL6XZ716,CAPITAL & REGIONAL DEAD - DELIST.11/12/24,GB,EUR
GB00BLGZ9862,TESCO,GB,EUR
GB00BM8PJY71,NATWEST GROUP,GB,EUR
GB00BM8Q5M07,JD SPORTS FASHION,GB,EUR
GB00BMJ6DW54,INFORMA,GB,EUR
GB00BN7SWP63,GLAXOSMITHKLINE,GB,EUR
GB00BNGDN821,MELROSE INDUSTRIES,GB,EUR
GB00BNNTLN49,PENNON GROUP,GB,EUR
GB00BNR4T868,RENEWI DEAD - DELIST.09/06/25,GB,EUR
GB00BP6MXD84,SHELL,GB,EUR
GB00BP92CJ43,TATE & LYLE,GB,EUR
GB00BP9LHF23,SCHRODERS,GB,EUR
GB00BPQY8M80,AVIVA,GB,EUR
GB00BRB37M78,DIGNITY DEAD - DELIST.25/05/23,GB,EUR
GB00BRKD9Z53,MJ GLEESON,GB,EUR
GB00BV9FP302,COMPUTACENTER,GB,EUR
GB00BVFNZH21,ROTORK,GB,EUR
GB00BWFGQN14,SPIRAX GROUP,GB,EUR
GB00BYQ0JC66,BEAZLEY,GB,EUR
GB00BYRJ5J14,PRIMARY HEALTH PROPS.,GB,EUR
GB00BYT1DJ19,ICG,GB,EUR
GB00BYW0PQ60,LAND SECURITIES GROUP,GB,EUR
GB00BYYTFB60,HOMESERVE DEAD - DELIST.05/01/23,GB,EUR
GB00BYZN9041,FUTURE,GB,EUR
GB00BZ4BQC70,JOHNSON MATTHEY,GB,EUR
IE0001827041,CRH PUBLIC LIMITED,IE,EUR
IE0002424939,DCC,IE,EUR
IE0003864109,GREENCORE GROUP,IE,EUR
IE0004906560,KERRY GROUP 'A',IE,EUR
IE0004927939,KINGSPAN GROUP,IE,EUR
IE00B00MZ448,GRAFTON GROUP,IE,EUR
IE00B010DT83,C&C GROUP,IE,EUR
IE00B4BNMY34,ACCENTURE CLASS A,IE,EUR
IE00B8KQN827,EATON,IE,EUR
IE00BD1RP616,BANK OF IRELAND GROUP,IE,EUR
IE00BDB6Q211,WILLIS TOWERS WATSON,GB,EUR
IE00BF0L3536,AIB GROUP,IE,EUR
IE00BGH1M568,PERRIGO,IE,EUR
IE00BJ3V9050,ENDO INTERNATIONAL DEAD - DELIST.02/05/24,IE,EUR
IE00BK9ZQ967,TRANE TECHNOLOGIES,IE,EUR
IE00BLP1HW54,AON CLASS A,IE,EUR
IE00BLS09M33,PENTAIR,GB,EUR
IE00BTN1Y115,MEDTRONIC,IE,EUR
IE00BWB8X525,PERMANENT TSB GHG.,IE,EUR
IE00BY7QL619,JOHNSON CONTROLS INTL.,IE,EUR
IE00BYTBXV33,RYANAIR HOLDINGS,IE,EUR
IL0002300114,BEZEQ ISRAELI TELECOMMUNICATION,IL,EUR
IL0002730112,NICE,IL,EUR
IL0002810146,ICL GROUP,IL,EUR
IL0005760173,ISRAEL CORPORATION LTD.,IL,EUR
IL0005930388,FIRST INTL.BK.OF ISR.,IL,EUR
IL0006046119,LEUMI LTD.,IL,EUR
IL0006625771,BANK HAPOALIM B M LTD.,IL,EUR
IL0006954379,MIZRAHI TEFAHOT LTD.,IL,EUR
IL0010811243,ELBIT SYSTEMS,IL,EUR
IL0010824113,CHECK POINT SFTW.TECHS.,IL,EUR
IL0010841281,DELEK GROUP,IL,EUR
IL0010849045,BATM ADVANCED COMMS.,IL,EUR
IL0010943905,AMIAD WATER SYSTEMS,IL,EUR
IL0011015349,CELLCOM,IL,EUR
IT0000062072,GENERALI,IT,EUR
IT0000062957,MEDIOBANCA BC.FIN,IT,EUR
IT0000066123,BPER BANCA,IT,EUR
IT0000072618,INTESA SANPAOLO,IT,EUR
IT0000784154,CATTOLICA ASSICURAZIONI DEAD - DELIST.12/08/22,IT,EUR
IT0000784196,BANCA PPO.DI SONDRIO,IT,EUR
IT0001042610,SABAF,IT,EUR
IT0001137345,AUTOGRILL DEAD - DELIST.24/07/23,IT,EUR
IT0001233417,A2A,IT,EUR
IT0001347308,BUZZI,IT,EUR
IT0001469383,ARNOLDO MONDADORI EDI.,IT,EUR
IT0003128367,ENEL,IT,EUR
IT0003132476,ENI,IT,EUR
IT0003153415,SNAM,IT,EUR
IT0003242622,TERNA RETE ELETTRICA NAZ,IT,EUR
IT0003497168,TELECOM ITALIA,IT,EUR
IT0003506190,ATLANTIA DEAD - DELIST.09/12/22,IT,EUR
IT0003856405,LEONARDO,IT,EUR
IT0004810054,UNIPOL ASSICURAZIONI SPA,IT,EUR
IT0004827447,UNIPOLSAI DEAD - DELIST.03/07/24,IT,EUR
IT0005218380,BANCO BPM,IT,EUR
IT0005239360,UNICREDIT,IT,EUR
IT0005495657,SAIPEM,IT,EUR
IT0005496473,TESSELLIS,IT,EUR
IT0005508921,BANCA MONTE DEI PASCHI,IT,EUR
JE00B8KF9B49,WPP,GB,EUR
JE00BJ1DLW90,MAN GROUP,GB,EUR
JE00BYVQYS01,INTERNATIONAL WORKPLACE GROUP,CH,EUR
LU0075646355,SUBSEA 7,GB,EUR
NL0000008977,HEINEKEN HOLDING,NL,EUR
NL0000009082,KPN KON,NL,EUR
NL0000009165,HEINEKEN,NL,EUR
NL0000009538,PHILIPS ELTN.KONINKLIJKE,NL,EUR
NL0000226223,STMICROELECTRONICS,NL,EUR
NL0000235190,AIRBUS,NL,EUR
NL0000289213,WERELDHAVE,NL,EUR
NL0000337319,BAM GROEP KON.,NL,EUR
NL0000360618,SBM OFFSHORE,NL,EUR
NL0000379121,RANDSTAD,NL,EUR
NL0000395903,WOLTERS KLUWER,NL,EUR
NL0006237562,ARCADIS,NL,EUR
NL0009432491,KONINKLIJKE VOPAK,NL,EUR
NL0010273215,ASML HOLDING,NL,EUR
NL0010583399,CORBION NV C,NL,EUR
NL0011794037,KONINKLIJKE AHOLD DELHAIZE,NL,EUR
NL0011821202,ING GROEP,NL,EUR
NL0013267909,AKZO NOBEL,NL,EUR
NL0013332471,TOM TOM,NL,EUR
NL00150001Q9,STELLANTIS,NL,EUR
NL00150003E1,FUGRO C,NL,EUR
NL0015001FS8,FERROVIAL,NL,EUR
NL0015435975,DAVIDE CAMPARI MILANO,IT,EUR
NO0003028904,VEND SERA DEAD - DELIST.28/10/25,NO,EUR
NO0003053605,STOREBRAND,NO,EUR
NO0003054108,MOWI,NO,EUR
NO0003078800,TGS,NO,EUR
NO0003733800,ORKLA,NO,EUR
NO0005052605,NORSK HYDRO,NO,EUR
NO0010063308,TELENOR,NO,EUR
NO0010096985,EQUINOR,NO,EUR
NO0010112675,REC SILICON,NO,EUR
NO0010199151,PGS DEAD - DELIST.02/07/24,NO,EUR
NO0010208051,YARA INTERNATIONAL,NO,EUR
NO0010215684,AKASTOR,NO,EUR
NO0010861990,PROSAFE,NO,EUR
NO0012470089,TOMRA SYSTEMS,NO,EUR
PR7331747001,POPULAR,PR,EUR
PTBCP0AM0015,BANCO COMR.PORTUGUES 'R',PT,EUR
PTEDP0AM0009,EDP ENERGIAS DE PORTUGAL,PT,EUR
PTJMT0AE0001,JERONIMO MARTINS,PT,EUR
PTSON0AM0001,SONAE SGPS,PT,EUR
PTZON0AM0006,NOS SGPS,PT,EUR
SE0000106270,HENNES & MAURITZ B,SE,EUR
SE0000108227,SKF B,SE,EUR
SE0000108656,ERICSSON B,SE,EUR
SE0000111940,RATOS B,SE,EUR
SE0000112724,SVENSKA CELLULOSA AKTIEBOLAGET SCA B,SE,EUR
SE0000113250,SKANSKA B,SE,EUR
SE0000114837,TRELLEBORG B,SE,EUR
SE0000148884,SKANDINAVISKA ENSKILDA BANKEN A,SE,EUR
SE0000163594,SECURITAS B,SE,EUR
SE0000163628,ELEKTA B,SE,EUR
SE0000171100,SSAB A,SE,EUR
SE0000190126,INDUSTRIVARDEN A,SE,EUR
SE0000202624,GETINGE B,SE,EUR
SE0000242455,SWEDBANK A,SE,EUR
SE0000379190,CASTELLUM,SE,EUR
SE0000667891,SANDVIK,SE,EUR
SE0000667925,TELIA COMPANY,SE,EUR
SE0000695876,ALFA LAVAL,SE,EUR
SE0000806994,JM,SE,EUR
SE0000862997,BILLERUD AKTIEBOLAG,SE,EUR
SE0000949331,NOBIA,SE,EUR
SE0001662230,HUSQVARNA B,SE,EUR
SE0003366871,SAS DEAD - DELIST.14/08/24,SE,EUR
SE0005190238,TELE2 B,SE,EUR
SE0006993770,AXFOOD,SE,EUR
SE0007100581,ASSA ABLOY B,SE,EUR
SE0007100599,SVENSKA HANDELSBANKEN A,SE,EUR
SE0011090018,HOLMEN B,SE,EUR
SE0011166974,FABEGE,SE,EUR
SE0011256312,ENIRO GROUP,SE,EUR
SE0015811955,INVESTOR A,SE,EUR
SE0015812219,SWEDISH MATCH DEAD - DELIST.02/01/23,SE,EUR
SE0015961909,HEXAGON B,SE,EUR
SE0015988019,NIBE INDUSTRIER,SE,EUR
SE0016589188,ELECTROLUX B,SE,EUR
SE0017486889,ATLAS COPCO A,SE,EUR
SE0018012494,MODERN TIMES GROUP MTG B,SE,EUR
SE0018012635,WIHLBORGS FASTIGHETER,SE,EUR
SE0020050417,BOLIDEN ORD SHS,SE,EUR
US0528001094,AUTOLIV,SE,EUR
US70211M1099,PARTNER COMMS.ADR 1:1 DEAD - DELIST.22/09/23,IL,EUR
US8816242098,TEVA PHARMACEUTICAL INDUSTRIES ADR 1:1,IL,EUR
US91822M5022,VEON ADR 1:25,NL,EUR
